lm_stat,lm_pvalue,f_stat,f_pvalue
47.32190190227658,4.099716308391268e-06,4.003177606734335,3.6004406819306274e-06
