,lb_stat,lb_pvalue
10,53.72307929918431,5.463871402331176e-08
20,71.66295342707417,9.725008622424779e-08
40,89.74474219866994,1.1040092178057709e-05
