,lb_stat,lb_pvalue
10,20.43736774345718,0.02537700962071196
20,33.53442459557875,0.02945212297976625
40,65.52000746327646,0.006649610062280737
