,to_low_vol,to_high_vol
low_vol,0.9930457087218629,0.00695429127813707
high_vol,0.009300448300473496,0.9906995516995265
