test,statistic,p_value
ADF,-33.36781353630251,0.0
KPSS,0.08050062393088234,0.1
